Feature,Raw_Coefficient,Abs_Raw_Coef,Standardized_Coefficient,Abs_Std_Coef
High,0.7996949725889649,0.7996949725889649,0.0697197472936093,0.0697197472936093
Low,0.4403043936094327,0.4403043936094327,0.06967634278452584,0.06967634278452584
SMA_5,0.1946162933784372,0.1946162933784372,0.021832482466467535,0.021832482466467535
EMA_20,-0.1719331563353919,0.1719331563353919,-0.019185926230389606,0.019185926230389606
Open,-0.38119096418616405,0.38119096418616405,-0.01704628177852954,0.01704628177852954
Close,0.07779072633723434,0.07779072633723434,-0.01703261882351447,0.01703261882351447
EMA_10,0.13327915160178744,0.13327915160178744,0.014917425142036018,0.014917425142036018
Close_Lag2,-0.07475944054608918,0.07475944054608918,-0.008398263598331356,0.008398263598331356
High_Low_Range,0.35939057897953186,0.35939057897953186,0.005612546698721434,0.005612546698721434
SMA_20,0.046036864111938115,0.046036864111938115,0.005149644856282387,0.005149644856282387
SMA_10,-0.0450161193152089,0.0450161193152089,-0.00504482180823383,0.00504482180823383
Close_Lag5,-0.027939071965730394,0.027939071965730394,-0.00313983429673254,0.00313983429673254
SMA_50,0.02502826181474649,0.02502826181474649,0.0027881817742990787,0.0027881817742990787
Close_Lag3,-0.018084587921168082,0.018084587921168082,-0.0020318507830009037,0.0020318507830009037
Close_Lag1,-0.014695082312767725,0.014695082312767725,-0.0016505873191788379,0.0016505873191788379
Close_Lag10,0.012090374277773553,0.012090374277773553,0.0013597689706492597,0.0013597689706492597
Open_Close_Range,0.45898169052339927,0.45898169052339927,0.001195087359850289,0.001195087359850289
Volatility_20,-0.4813608132874125,0.4813608132874125,-0.0009215385180524568,0.0009215385180524568
Volatility_10,-0.16554344207598068,0.16554344207598068,-0.0003598787717995901,0.0003598787717995901
